Date,Open,High,Low,Close,Adj Close,Volume
2020-01-02 00:00:00,91,91.5,90.30000305,90.80000305,75.55364227,20758722
2020-01-03 00:00:00,91.40000153,92.19999695,90.80000305,91.59999847,76.21931458,37936877
2020-01-06 00:00:00,91.09999847,91.09999847,90.09999847,90.5,75.30401611,26352522
2020-01-07 00:00:00,90.5,91,88.30000305,89.09999847,74.13909912,42728140
2020-01-08 00:00:00,87.90000153,88.09999847,86.5,86.5,71.97566986,56101121
2020-01-09 00:00:00,87.30000305,87.69999695,87,87.09999847,72.47491455,28192381
2020-01-10 00:00:00,88,89,87.5,89,74.05589294,32264863
2020-01-13 00:00:00,89.69999695,89.69999695,88.59999847,89.59999847,74.55513763,23369554
2020-01-14 00:00:00,90,90.09999847,89.59999847,90,74.88796997,18618838
2020-01-15 00:00:00,90,90.30000305,89.5,89.90000153,74.80476379,23798041
2020-01-16 00:00:00,89.80000305,90.19999695,89.40000153,90,74.88796997,19281565
2020-01-17 00:00:00,91,92.40000153,91,92.30000305,76.8017807,77634511
2020-01-20 00:00:00,92.69999695,93.40000153,92.09999847,92.30000305,76.8017807,35277412
2020-01-30 00:00:00,85.5,86.19999695,83.09999847,83.09999847,69.14655304,153608274
2020-01-31 00:00:00,83,84.90000153,82.59999847,83.19999695,69.22976685,69486948
2020-02-03 00:00:00,79.5,82.30000305,77.30000305,82.19999695,68.39768982,66666856
2020-02-04 00:00:00,91.5,91.69999695,82.19999695,82.19999695,68.39768982,45872853
2020-02-05 00:00:00,82.19999695,82.69999695,81.59999847,82.19999695,68.39768982,47188064
2020-02-06 00:00:00,82.5,83.59999847,82.30000305,83.59999847,69.56260681,43379109
2020-02-07 00:00:00,83.59999847,83.59999847,82.69999695,82.90000153,68.98014832,26495116
2020-02-10 00:00:00,79,82.69999695,78.90000153,82,68.23126221,42505477
2020-02-11 00:00:00,82.59999847,83.40000153,82.09999847,82.90000153,68.98014832,28310130
2020-02-12 00:00:00,83,85.59999847,83,85.5,71.14357758,56443491
2020-02-13 00:00:00,85.80000305,86.30000305,84.69999695,84.69999695,70.47790527,36012520
2020-02-14 00:00:00,84.69999695,85.30000305,84.30000305,84.90000153,70.64432526,21292704
2020-02-17 00:00:00,84.19999695,84.19999695,83.80000305,83.90000153,69.81223297,16771107
2020-02-18 00:00:00,84,84.30000305,83,83.40000153,69.39619446,22611466
2020-02-19 00:00:00,83,84.59999847,82.5,83.80000305,69.72903442,25476407
2020-02-20 00:00:00,84,84.09999847,82.5,82.80000305,68.89694214,35212272
2020-02-21 00:00:00,82.09999847,82.19999695,81.59999847,81.69999695,67.98163605,29778377
2020-02-24 00:00:00,80.59999847,81.40000153,80.19999695,80.69999695,67.14955139,32852370
2020-02-25 00:00:00,80.19999695,82.69999695,79.90000153,82.30000305,68.480896,47213818
2020-02-26 00:00:00,81.19999695,82.19999695,80.69999695,81.09999847,67.48238373,43075406
2020-02-27 00:00:00,80.80000305,81.5,80,80.30000305,66.81671143,53384898
2020-03-02 00:00:00,78.19999695,80.30000305,78.09999847,79.19999695,65.90141296,53792166
2020-03-03 00:00:00,81.09999847,82,80.59999847,81,67.39917755,34822180
2020-03-04 00:00:00,81.5,81.90000153,81.09999847,81.69999695,67.98163605,29037913
2020-03-05 00:00:00,83.30000305,83.59999847,82.59999847,82.69999695,68.8137207,36950021
2020-03-06 00:00:00,81.59999847,81.69999695,80.69999695,80.80000305,67.2327652,38712605
2020-03-09 00:00:00,79.19999695,80.09999847,79.09999847,79.09999847,65.81820679,45009955
2020-03-10 00:00:00,78.5,79.80000305,78.5,79.40000153,66.06783295,37383665
2020-03-11 00:00:00,79.30000305,80.09999847,78.59999847,78.59999847,65.40216827,30546137
2020-03-12 00:00:00,77.40000153,77.5,74.5,74.69999695,62.15702057,85760356
2020-03-13 00:00:00,70,75,69.90000153,74.59999847,62.07380676,108780196
2020-03-16 00:00:00,73.90000153,74.30000305,71.09999847,71.09999847,59.16150284,65223917
2020-03-17 00:00:00,70.09999847,72.80000305,70,70.59999847,58.74545288,69146874
2020-03-18 00:00:00,70.69999695,71.30000305,70,70,58.24620438,75494240
2020-03-19 00:00:00,68.69999695,69.30000305,65.69999695,66.30000305,55.16747665,107246149
2020-03-20 00:00:00,68,71.40000153,68,70.80000305,58.91187668,102757524
2020-03-23 00:00:00,67.5,68.40000153,67,67.5,56.16598129,61288202
2020-03-24 00:00:00,70.59999847,70.69999695,69.09999847,69.40000153,57.74694824,41628933
2020-03-25 00:00:00,71.19999695,72.59999847,71.09999847,71.40000153,59.41112518,53652986
2020-03-26 00:00:00,71.5,71.69999695,70.5,71,59.07828903,38685860
2020-03-27 00:00:00,71.40000153,72.19999695,70,70.09999847,58.32941055,59785740
2020-03-30 00:00:00,69.5,70.30000305,69,70,58.24620438,33595577
2020-03-31 00:00:00,70.09999847,70.5,69.90000153,69.90000153,58.16299438,38298560
2020-04-01 00:00:00,70.5,70.5,70,70,58.24620438,24517865
2020-04-06 00:00:00,70,70.30000305,69.40000153,70.19999695,58.4126091,48957455
2020-04-07 00:00:00,71.40000153,71.90000153,70.80000305,71.19999695,59.24470901,46626787
2020-04-08 00:00:00,71.5,75.30000305,71.40000153,75,62.40664673,90172291
2020-04-09 00:00:00,75.5,75.90000153,73.69999695,74,61.57455826,55267837
2020-04-10 00:00:00,73.5,73.90000153,73.40000153,73.90000153,61.49134445,19079314
2020-04-13 00:00:00,73.80000305,73.90000153,73.09999847,73.09999847,60.82567215,25076651
2020-04-14 00:00:00,73.5,74.5,73.19999695,74.40000153,61.90739441,36772932
2020-04-15 00:00:00,74.5,75.19999695,74.09999847,74.09999847,61.65776443,42208905
2020-04-16 00:00:00,74,75,73.80000305,74,61.57455826,42182293
2020-04-17 00:00:00,75.5,76.5,75.30000305,75.80000305,63.07232666,70153153
2020-04-20 00:00:00,76.09999847,76.59999847,75.40000153,76.19999695,63.40515137,32197766
2020-04-21 00:00:00,75.19999695,75.5,73.5,73.5,61.1585083,50476839
2020-04-22 00:00:00,72.59999847,73.90000153,72.5,73.90000153,61.49134445,27664535
2020-04-23 00:00:00,74.19999695,75.19999695,73.59999847,74,61.57455826,26918129
2020-04-24 00:00:00,74,74.19999695,73.69999695,73.80000305,61.40813828,18097847
2020-04-27 00:00:00,74.19999695,75.19999695,74.19999695,74.90000153,62.32344055,28422746
2020-04-28 00:00:00,75.09999847,75.40000153,74.80000305,75.19999695,62.5730629,21837772
2020-04-29 00:00:00,75.19999695,76.19999695,75.09999847,75.59999847,62.90589523,31292555
2020-04-30 00:00:00,76.19999695,77,76,77,64.0708313,49682112
2020-05-04 00:00:00,74,75,73.90000153,74.5,61.99060059,50274654
2020-05-05 00:00:00,74.69999695,75,74,74.09999847,61.65776443,30499283
2020-05-06 00:00:00,74.09999847,75.19999695,74.09999847,74.30000305,61.82418442,26782236
2020-05-07 00:00:00,74.5,75.80000305,74.5,75.19999695,62.5730629,31856315
2020-05-08 00:00:00,76.80000305,76.80000305,75.90000153,76.19999695,63.40515137,38394983
2020-05-11 00:00:00,76.90000153,79.19999695,76.90000153,78.90000153,65.65179443,58601957
2020-05-12 00:00:00,78.30000305,78.40000153,77,77.30000305,64.32045746,45434634
2020-05-13 00:00:00,77.69999695,78.80000305,77.69999695,78.80000305,65.56858063,42897241
2020-05-14 00:00:00,78,78.90000153,78,78.19999695,65.06932831,41840911
2020-05-15 00:00:00,78.19999695,78.59999847,76.40000153,77.09999847,64.15402985,46922082
2020-05-18 00:00:00,76.59999847,76.59999847,74.90000153,75,62.40664673,57099171
2020-05-19 00:00:00,75.40000153,76,74.59999847,74.80000305,62.24023438,48852505
2020-05-20 00:00:00,74.90000153,75.30000305,74.5,74.5,61.99060059,30828720
2020-05-21 00:00:00,74.5,75,74.30000305,74.69999695,62.15702057,24213322
2020-05-22 00:00:00,74.19999695,74.40000153,73.5,73.59999847,61.24172211,46433168
2020-05-25 00:00:00,73.5,73.59999847,72.59999847,73.59999847,61.24172211,26982259
2020-05-26 00:00:00,73.69999695,75.30000305,73.59999847,74.80000305,62.24023438,28310825
2020-05-27 00:00:00,74.80000305,75.5,74.80000305,75.30000305,62.6562767,22380029
2020-05-28 00:00:00,75.69999695,75.90000153,74.80000305,75.30000305,62.6562767,26184820
2020-05-29 00:00:00,74.30000305,75.80000305,74.30000305,75.80000305,63.07232666,44636709
2020-06-01 00:00:00,76,76.80000305,75.90000153,76.19999695,63.40515137,25890941
2020-06-02 00:00:00,76.5,77.5,76.40000153,77.09999847,64.15402985,41692048
2020-06-03 00:00:00,78,78.40000153,77.59999847,78.09999847,64.98612213,42871656
2020-06-04 00:00:00,78.5,78.69999695,77.59999847,78.40000153,65.23575592,43657351
2020-06-05 00:00:00,78.09999847,78.5,77.80000305,78.5,65.3189621,33935695
2020-06-08 00:00:00,79.09999847,79.80000305,78.80000305,79.69999695,66.31745911,53575560
2020-06-09 00:00:00,79.30000305,80.19999695,78.90000153,79.5,66.15104675,38143498
2020-06-10 00:00:00,79.59999847,79.90000153,79.09999847,79.90000153,66.48387909,25863059
2020-06-11 00:00:00,79.90000153,80.30000305,78.09999847,78.59999847,65.40216827,41363010
2020-06-12 00:00:00,77.30000305,78,76.59999847,78,64.90290833,30382486
2020-06-15 00:00:00,77.69999695,77.90000153,77,77,64.0708313,26332046
2020-06-16 00:00:00,77.80000305,78.5,77.69999695,78.40000153,65.23575592,22339775
2020-06-17 00:00:00,78.90000153,79,77.90000153,78.19999695,65.06932831,18039312
2020-06-18 00:00:00,78.40000153,78.69999695,77.69999695,78.5,65.3189621,17726756
2020-06-19 00:00:00,78.59999847,78.90000153,78.09999847,78.80000305,65.56858063,35336232
2020-06-22 00:00:00,78.69999695,78.90000153,78.19999695,78.90000153,65.65179443,16769227
2020-06-23 00:00:00,79.59999847,80.69999695,79.30000305,80.19999695,66.73350525,45708143
2020-06-24 00:00:00,81.09999847,83.5,81,83.5,69.47940063,88391479
2020-06-29 00:00:00,83.59999847,85.80000305,83.40000153,85.19999695,70.89394379,96673392
2020-06-30 00:00:00,86,86.40000153,85.69999695,86.30000305,71.80924988,57741437
2020-07-01 00:00:00,86.5,87.59999847,85.5,85.90000153,71.47641754,44576514
2020-07-02 00:00:00,85.80000305,86,84.59999847,86,71.55961609,34070431
2020-07-03 00:00:00,86.09999847,86.19999695,85.09999847,85.30000305,70.97716522,42663049
2020-07-06 00:00:00,85.69999695,86.59999847,85.59999847,86.40000153,71.89245605,44150881
2020-07-07 00:00:00,87.09999847,87.5,85.59999847,87,72.39170837,52059744
2020-07-08 00:00:00,87,87.30000305,86.59999847,87,72.39170837,37038208
2020-07-09 00:00:00,87.30000305,87.40000153,85.80000305,86.19999695,71.72603607,49514490
2020-07-10 00:00:00,86.19999695,86.19999695,84.80000305,84.80000305,70.56111908,52271243
2020-07-13 00:00:00,85.40000153,86.69999695,85.40000153,86.69999695,72.14208221,36625700
2020-07-14 00:00:00,86.80000305,87.5,86.30000305,86.30000305,71.80924988,34124410
2020-07-15 00:00:00,86.59999847,87.19999695,86.5,86.59999847,72.05887604,47807002
2020-07-16 00:00:00,87,88,86.90000153,87.59999847,72.89096069,50530654
2020-07-17 00:00:00,88.30000305,88.59999847,87.59999847,88,73.22380066,48813379
2020-07-20 00:00:00,88,88,85,86.80000305,72.22528839,71647567
2020-07-21 00:00:00,86,86.09999847,85.09999847,85.30000305,70.97716522,74962395
2020-07-22 00:00:00,85.30000305,86,85.09999847,85.90000153,71.47641754,73724655
2020-07-23 00:00:00,81.30000305,82.5,81.09999847,82.09999847,71.82634735,78361972
2020-07-24 00:00:00,81.5,81.90000153,80,80,69.98914337,46595732
2020-07-27 00:00:00,79.59999847,79.90000153,78,78,68.23941803,66336332
2020-07-28 00:00:00,77.80000305,82.69999695,77.30000305,78.40000153,68.5893631,80001664
2020-07-29 00:00:00,78.59999847,79.80000305,78,78,68.23941803,39362154
2020-07-30 00:00:00,78.69999695,78.80000305,77.5,78,68.23941803,40501045
2020-07-31 00:00:00,78.5,79.40000153,78.40000153,78.40000153,68.5893631,43374202
2020-08-03 00:00:00,78.40000153,78.90000153,77.09999847,77.09999847,67.452034,61172243
2020-08-04 00:00:00,77.69999695,78.19999695,77.5,78.09999847,68.3269043,23051382
2020-08-05 00:00:00,78.30000305,78.5,77.90000153,77.90000153,68.15193176,27876127
2020-08-06 00:00:00,79.30000305,79.69999695,78.5,79,69.11427307,33250505
2020-08-07 00:00:00,79.59999847,79.59999847,78.30000305,78.30000305,68.50187683,21862438
2020-08-10 00:00:00,79.19999695,80.90000153,79.09999847,80.5,70.42657471,49798520
2020-08-11 00:00:00,81,81.09999847,79.59999847,79.80000305,69.81417084,30816578
2020-08-12 00:00:00,80.90000153,81.5,79.90000153,81.40000153,71.21395111,45677601
2020-08-13 00:00:00,82,82.30000305,79.19999695,79.5,69.55171204,85508728
2020-08-14 00:00:00,79.80000305,80.69999695,79.59999847,80.40000153,70.33908844,34369498
2020-08-17 00:00:00,80.69999695,80.69999695,80,80.19999695,70.16411591,23393631
2020-08-18 00:00:00,80.5,80.5,79.30000305,79.80000305,69.81417084,27191399
2020-08-19 00:00:00,80.90000153,80.90000153,79.30000305,79.30000305,69.3767395,32048778
2020-08-20 00:00:00,79.59999847,79.90000153,75.59999847,77.09999847,67.452034,61942250
2020-08-21 00:00:00,78.19999695,78.40000153,77.5,78.19999695,68.41438293,24487793
2020-08-24 00:00:00,78.19999695,78.40000153,77.59999847,77.59999847,67.88946533,21801923
2020-08-25 00:00:00,78.09999847,78.5,77.80000305,78.30000305,68.50187683,17655262
2020-08-26 00:00:00,78.30000305,78.40000153,77.90000153,78.19999695,68.41438293,16266412
2020-08-27 00:00:00,78.19999695,78.69999695,77.5,77.5,67.80197906,24154047
2020-08-28 00:00:00,77.40000153,78.19999695,77.09999847,77.5,67.80197906,25083462
2020-08-31 00:00:00,77.80000305,78,76.90000153,76.90000153,67.27706146,30580373
2020-09-01 00:00:00,76.90000153,77.30000305,76.40000153,77,67.36454773,18151104
2020-09-02 00:00:00,77.19999695,77.80000305,77,77.80000305,68.0644455,24934189
2020-09-03 00:00:00,78.80000305,79.30000305,77.59999847,77.69999695,67.9769516,41374369
2020-09-04 00:00:00,77,77.30000305,76.59999847,76.90000153,67.27706146,35776710
2020-09-07 00:00:00,76.80000305,77.5,76.80000305,77.30000305,67.62701416,20795188
2020-09-08 00:00:00,77.69999695,78.09999847,77.30000305,77.5,67.80197906,22118917
2020-09-09 00:00:00,77.30000305,77.90000153,76.59999847,77.90000153,68.15193176,22505471
2020-09-10 00:00:00,78,78.69999695,78,78.5,68.67684937,29117204
2020-09-11 00:00:00,78.5,78.5,78,78.5,68.67684937,16102726
2020-09-14 00:00:00,78.80000305,79.5,78.59999847,79.40000153,69.46422577,27029525
2020-09-15 00:00:00,79.40000153,79.40000153,78.90000153,79.09999847,69.20175934,16938546
2020-09-16 00:00:00,79.40000153,79.40000153,78.59999847,78.80000305,68.9393158,18122360
2020-09-17 00:00:00,78.59999847,79.09999847,78,78.09999847,68.3269043,20754040
2020-09-18 00:00:00,77.90000153,78.19999695,77.5,77.59999847,67.88946533,31389875
2020-09-21 00:00:00,77.59999847,78.30000305,77.30000305,77.40000153,67.7144928,19006472
2020-09-22 00:00:00,77.30000305,77.30000305,76.5,76.80000305,67.1895752,23201394
2020-09-23 00:00:00,77,77.19999695,76.59999847,76.69999695,67.1020813,17803854
2020-09-24 00:00:00,76.09999847,76.40000153,75,75,65.61482239,57338020
2020-09-25 00:00:00,75.40000153,75.69999695,74.09999847,74.30000305,65.00241852,38124876
2020-09-28 00:00:00,74.90000153,76.90000153,74.80000305,76.90000153,67.27706146,31682528
2020-09-29 00:00:00,77.30000305,78.40000153,77,77,67.36454773,31662973
2020-09-30 00:00:00,78,78,77.30000305,77.40000153,67.7144928,19229698
2020-10-05 00:00:00,78.19999695,78.5,77.5,77.69999695,67.9769516,19075464
2020-10-06 00:00:00,78.09999847,78.19999695,77.59999847,77.80000305,68.0644455,16976308
2020-10-07 00:00:00,77.40000153,77.80000305,77.09999847,77.40000153,67.7144928,17236406
2020-10-08 00:00:00,77.80000305,78,77.5,78,68.23941803,14942266
2020-10-12 00:00:00,78.40000153,78.80000305,78.09999847,78.69999695,68.8518219,37807427
2020-10-13 00:00:00,79,79.09999847,78.09999847,78.90000153,69.0267868,22946661
2020-10-14 00:00:00,78.09999847,78.80000305,78,78,68.23941803,36842974
2020-10-15 00:00:00,77.69999695,78.5,77.59999847,78.09999847,68.3269043,26260704
2020-10-16 00:00:00,78.40000153,79.90000153,78.19999695,78.59999847,68.76433563,48409062
2020-10-19 00:00:00,80,81.5,79.69999695,81.30000305,71.12646484,85721985
2020-10-20 00:00:00,81.5,82,80.80000305,81.40000153,71.21395111,45166857
2020-10-21 00:00:00,81.5,81.5,80.30000305,80.40000153,70.33908844,29912692
2020-10-22 00:00:00,80.80000305,80.80000305,80.30000305,80.80000305,70.68903351,23803904
2020-10-23 00:00:00,81.19999695,81.40000153,80.5,80.69999695,70.60154724,18545821
2020-10-26 00:00:00,81.09999847,81.09999847,80,80.19999695,70.16411591,14302954
2020-10-27 00:00:00,79.90000153,80,79.40000153,80,69.98914337,16558440
2020-10-28 00:00:00,79.40000153,79.69999695,78.19999695,78.30000305,68.50187683,32904050
2020-10-29 00:00:00,77.59999847,78.19999695,76.80000305,78,68.23941803,30542424
2020-10-30 00:00:00,77.59999847,78.19999695,77.09999847,77.5,67.80197906,25967547
2020-11-02 00:00:00,77.5,78.30000305,77.40000153,78.30000305,68.50187683,17779122
2020-11-03 00:00:00,78.5,78.80000305,78.09999847,78.30000305,68.50187683,14572543
2020-11-04 00:00:00,78.40000153,79.40000153,78,78.80000305,68.9393158,18883924
2020-11-05 00:00:00,79,79.30000305,78.5,79,69.11427307,14635844
2020-11-06 00:00:00,79.59999847,79.90000153,79.30000305,79.69999695,69.72667694,20743330
2020-11-09 00:00:00,80.69999695,81.5,80.5,81.19999695,71.03897095,40370761
2020-11-10 00:00:00,81.09999847,81.19999695,80.30000305,80.80000305,70.68903351,21803806
2020-11-11 00:00:00,80.80000305,81.69999695,80.40000153,81.59999847,71.38892365,36673265
2020-11-12 00:00:00,81.69999695,82,80.80000305,81.90000153,71.65137482,40247491
2020-11-13 00:00:00,81.90000153,82,80.90000153,81.40000153,71.21395111,32154345
2020-11-16 00:00:00,82,82.90000153,81.90000153,82.59999847,72.26378632,50569861
2020-11-17 00:00:00,83.09999847,83.30000305,82.30000305,83,72.61373138,38225431
2020-11-18 00:00:00,82.90000153,83.40000153,82.69999695,83.19999695,72.78870392,30867662
2020-11-19 00:00:00,82.69999695,83.19999695,82.5,82.90000153,72.52624512,23168892
2020-11-20 00:00:00,83.30000305,83.30000305,82.09999847,82.5,72.17630005,24772897
2020-11-23 00:00:00,82.90000153,83.19999695,82.5,82.90000153,72.52624512,24562403
2020-11-24 00:00:00,83.09999847,83.09999847,82,82,71.73886108,22681919
2020-11-25 00:00:00,82.40000153,82.5,81.5,82,71.73886108,23261567
2020-11-26 00:00:00,82.59999847,83.19999695,82.5,83,72.61373138,33348687
2020-11-27 00:00:00,83,83,82.5,82.59999847,72.26378632,20952764
2020-11-30 00:00:00,82.69999695,83,82,82.30000305,72.00132751,60143496
2020-12-01 00:00:00,82.5,82.90000153,82.19999695,82.90000153,72.52624512,24728091
2020-12-02 00:00:00,83,83.30000305,82.40000153,82.69999695,72.35126495,34377676
2020-12-03 00:00:00,82.30000305,82.40000153,81.90000153,82,71.73886108,30592924
2020-12-04 00:00:00,83,83.40000153,82.59999847,82.90000153,72.52624512,47939163
2020-12-07 00:00:00,83.30000305,88.09999847,83.09999847,87.90000153,76.90057373,163202466
2020-12-08 00:00:00,88.40000153,89.69999695,87.30000305,87.59999847,76.63811493,118078656
2020-12-09 00:00:00,88.5,89.30000305,88.19999695,89,77.86291504,67687451
2020-12-10 00:00:00,88.40000153,88.69999695,87.09999847,87.69999695,76.7256012,54001144
2020-12-11 00:00:00,88.5,88.5,85.80000305,87.59999847,76.63811493,61132200
2020-12-14 00:00:00,88.30000305,89,87.69999695,87.69999695,76.7256012,47831161
2020-12-15 00:00:00,88.30000305,88.30000305,86.5,87.09999847,76.20068359,38829235
2020-12-16 00:00:00,88,88.19999695,87.40000153,88.19999695,77.1630249,46567554
2020-12-17 00:00:00,88.30000305,88.40000153,87.59999847,87.80000305,76.81308746,28002430
2020-12-18 00:00:00,88.09999847,88.19999695,87.5,87.69999695,76.7256012,27662859
2020-12-21 00:00:00,88.09999847,88.5,86.90000153,88,76.98805237,28796357
2020-12-22 00:00:00,88,90.5,87.5,87.69999695,76.7256012,93748698
2020-12-23 00:00:00,88.5,89.40000153,88.30000305,88.80000305,77.6879425,56084453
2020-12-24 00:00:00,89.5,89.90000153,89,89.59999847,78.38783264,41068845
2020-12-25 00:00:00,90.90000153,92.19999695,90.80000305,91.80000305,80.31253815,113953143
2020-12-28 00:00:00,92.40000153,93,91.80000305,91.80000305,80.31253815,67270084
2020-12-29 00:00:00,91.80000305,91.80000305,90.40000153,90.40000153,79.08773041,45541806
2020-12-30 00:00:00,91,91.59999847,90.09999847,91.59999847,80.13756561,40032714
2020-12-31 00:00:00,91.5,92,91.09999847,92,80.48751068,32172356
2021-01-04 00:00:00,93.40000153,100,93.30000305,99.90000153,87.39894104,232054808
2021-01-05 00:00:00,101,105,101,104,90.98587799,232720464
2021-01-06 00:00:00,107.5,109,102,105,91.86074829,220680394
2021-01-07 00:00:00,108,108,105.5,107,93.61047363,113608177
2021-01-08 00:00:00,109,109.5,106,108,94.48534393,114222138
2021-01-11 00:00:00,108,109,106.5,107.5,94.0479126,70025114
2021-01-12 00:00:00,106.5,107,103,104,90.98587799,105949230
2021-01-13 00:00:00,105,107,105,106.5,93.1730423,78943569
2021-01-14 00:00:00,109,117,108,116,101.4842529,316406354
2021-01-15 00:00:00,118,119,113,115.5,101.0468216,170231060
2021-01-18 00:00:00,115.5,116,111,114,99.73452759,94781807
2021-01-19 00:00:00,115,116.5,114,115,100.6093903,86180045
2021-01-20 00:00:00,116.5,118.5,114,114.5,100.1719589,132669313
2021-01-21 00:00:00,116.5,117.5,115,117,102.3591232,86888141
2021-01-22 00:00:00,117.5,121.5,117,121.5,106.2960052,220512284
2021-01-25 00:00:00,122,124,117.5,123,107.6083069,140354341
2021-01-26 00:00:00,122.5,125,120,122,106.7334366,128809261
2021-01-27 00:00:00,124,124.5,122.5,123,107.6083069,88077943
2021-01-28 00:00:00,120,121,118,118.5,103.6714172,123343574
2021-01-29 00:00:00,119,120,111.5,111.5,97.54737091,180839900
2021-02-01 00:00:00,111,114.5,108,113,98.85965729,125774649
2021-02-02 00:00:00,115,118,114,116.5,101.9216919,83620277
2021-02-03 00:00:00,118,118.5,115,116.5,101.9216919,56279288
2021-02-04 00:00:00,114.5,116,113,114,99.73452759,63941176
2021-02-05 00:00:00,115,116.5,113,113.5,99.29709625,87886466
2021-02-17 00:00:00,115,116,112.5,114,99.73452759,91093426
2021-02-18 00:00:00,113.5,114.5,113,113,98.85965729,47106193
2021-02-19 00:00:00,112,112.5,109.5,110,96.23506927,85959400
2021-02-22 00:00:00,111.5,114,111,111,97.10993958,60362039
2021-02-23 00:00:00,109.5,112.5,108.5,111.5,97.54737091,50872508
2021-02-24 00:00:00,112,114,110.5,110.5,96.67250824,54709354
2021-02-25 00:00:00,115,116.5,114,116.5,101.9216919,112185849
2021-02-26 00:00:00,114.5,115,112,112,97.98479462,120238472
2021-03-02 00:00:00,114.5,114.5,112,112,97.98479462,53842839
2021-03-03 00:00:00,113,116,112,115.5,101.0468216,86556063
2021-03-04 00:00:00,115.5,116,112,114.5,100.1719589,79169388
2021-03-05 00:00:00,113.5,116,112.5,115,100.6093903,86577805
2021-03-08 00:00:00,116,116.5,113,113.5,99.29709625,54467978
2021-03-09 00:00:00,113,115,112,115,100.6093903,43931623
2021-03-10 00:00:00,116,117,115,115.5,101.0468216,47780881
2021-03-11 00:00:00,116.5,118,116,117,102.3591232,75529976
2021-03-12 00:00:00,117.5,120,117.5,120,104.9837112,95891682
2021-03-15 00:00:00,120,122,118.5,121,105.8585739,69445679
2021-03-16 00:00:00,121.5,123.5,121,123,107.6083069,93143082
2021-03-17 00:00:00,123.5,128,123,126,110.2329025,143286602
2021-03-18 00:00:00,128,131.5,128,129.5,113.2949142,138285317
2021-03-19 00:00:00,127,127,123.5,123.5,108.0457382,162495850
2021-03-22 00:00:00,124,130,124,130,113.7323532,108447343
2021-03-23 00:00:00,133,134.5,130,130.5,114.1697845,113002380
2021-03-24 00:00:00,130,132,126.5,128,111.9826202,80879262
2021-03-25 00:00:00,127,129.5,125.5,126.5,110.6703339,64485260
2021-03-26 00:00:00,127.5,128,126,126.5,110.6703339,52856534
2021-03-29 00:00:00,128,129,127.5,128.5,112.4200592,41198716
2021-03-30 00:00:00,129.5,130,128.5,129.5,113.2949142,46587752
2021-03-31 00:00:00,125,126.5,123,124,108.4831696,130007897
2021-04-01 00:00:00,124.5,125.5,120.5,121.5,106.2960052,97056517
2021-04-07 00:00:00,124,124.5,122.5,123.5,108.0457382,33781367
2021-04-08 00:00:00,123,123,121.5,122.5,107.1708755,38840858
2021-04-09 00:00:00,123,123,120,120,104.9837112,80329342
2021-04-12 00:00:00,120,122,119,120.5,105.4211426,69260254
2021-04-13 00:00:00,121.5,123,121,122.5,107.1708755,49602834
2021-04-14 00:00:00,123,123.5,119,121.5,106.2960052,53282943
2021-04-15 00:00:00,121,121,119.5,121,105.8585739,39497137
2021-04-16 00:00:00,122,124,122,123.5,108.0457382,52975405
2021-04-19 00:00:00,123.5,123.5,121.5,121.5,106.2960052,32187002
2021-04-20 00:00:00,121.5,122,121,122,106.7334366,26160003
2021-04-21 00:00:00,121,121.5,120,120,104.9837112,34814313
2021-04-22 00:00:00,122,122,117.5,117.5,102.7965546,67451616
2021-04-23 00:00:00,117,119,117,119,104.1088486,39251297
2021-04-26 00:00:00,119.5,120,117.5,117.5,102.7965546,40961898
2021-04-27 00:00:00,118.5,120.5,118,118.5,103.6714172,54358808
2021-04-28 00:00:00,118,118.5,117,117,102.3591232,38888642
2021-04-29 00:00:00,118,118.5,116,116,101.4842529,45671359
2021-05-03 00:00:00,115,115,112,112.5,98.42222595,71622387
2021-05-04 00:00:00,112,112,107.5,108.5,94.92277527,86723115
2021-05-05 00:00:00,110,113.5,110,110,96.23506927,65337936
2021-05-06 00:00:00,112,113,110.5,112.5,98.42222595,37607241
2021-05-07 00:00:00,114.5,117.5,114,117.5,102.7965546,60426256
2021-05-10 00:00:00,116,116.5,113,113,98.85965729,41561886
2021-05-11 00:00:00,109.5,110,106,107,93.61047363,80002280
2021-05-12 00:00:00,104,106.5,96.5,102,89.23616028,149627674
2021-05-13 00:00:00,99.5,105,98.19999695,103,90.11102295,70416230
2021-05-14 00:00:00,105,106,103.5,104.5,91.42331696,43828851
2021-05-17 00:00:00,100,102,97.09999847,98.19999695,85.91166687,96882339
2021-05-18 00:00:00,101.5,107.5,101,107,93.61047363,81635753
2021-05-19 00:00:00,106.5,106.5,104,105,91.86074829,47341275
2021-05-20 00:00:00,105,106.5,104.5,106,92.73561096,42732251
2021-05-21 00:00:00,108,110,108,109.5,95.79763794,53869601
2021-05-24 00:00:00,108.5,110,108,109.5,95.79763794,31062650
2021-05-25 00:00:00,111,113,110.5,112,97.98479462,50727292
2021-05-26 00:00:00,113.5,113.5,110.5,111.5,97.54737091,24690941
2021-05-27 00:00:00,110,110.5,107.5,109.5,95.79763794,61173641
2021-05-28 00:00:00,110.5,111.5,110,111,97.10993958,26886430
2021-05-31 00:00:00,112,113.5,111.5,113.5,99.29709625,34198356
2021-06-01 00:00:00,114.5,115,113.5,114.5,100.1719589,22263808
2021-06-02 00:00:00,115,115.5,111,112,97.98479462,32957334
2021-06-03 00:00:00,113,113,110.5,111,97.10993958,23957797
2021-06-04 00:00:00,110,112.5,109,112,97.98479462,28808854
2021-06-07 00:00:00,112.5,112.5,109,110.5,96.67250824,20309568
2021-06-08 00:00:00,111,111.5,110,110.5,96.67250824,18203485
2021-06-09 00:00:00,110,111,109.5,109.5,95.79763794,22680962
2021-06-10 00:00:00,110,111.5,109.5,110.5,96.67250824,18992629
2021-06-11 00:00:00,111.5,114.5,111.5,113.5,99.29709625,36017587
2021-06-15 00:00:00,113.5,114.5,112,113,98.85965729,23544247
2021-06-16 00:00:00,112,113,111.5,111.5,97.54737091,23871999
2021-06-17 00:00:00,110.5,113,110,113,98.85965729,18109232
2021-06-18 00:00:00,112.5,113,111.5,111.5,97.54737091,29445549
2021-06-21 00:00:00,110.5,110.5,108.5,108.5,94.92277527,34818980
2021-06-22 00:00:00,109.5,110,108.5,108.5,94.92277527,21910960
2021-06-23 00:00:00,109,112,108.5,111.5,97.54737091,27710302
2021-06-24 00:00:00,111.5,114,111,113,98.85965729,31065987
2021-06-25 00:00:00,114,115,113,113,98.85965729,35574740
2021-06-28 00:00:00,113,113.5,111,111.5,97.54737091,23702001
2021-06-29 00:00:00,112.5,112.5,111.5,111.5,97.54737091,17706887
2021-06-30 00:00:00,112,113.5,112,112,97.98479462,31076380
2021-07-01 00:00:00,112.5,112.5,111.5,112,97.98479462,15859329
2021-07-02 00:00:00,112,112.5,111.5,111.5,97.54737091,16486732
2021-07-05 00:00:00,112.5,117,112,117,102.3591232,80145148
2021-07-06 00:00:00,116.5,117.5,115.5,116.5,101.9216919,43748805
2021-07-07 00:00:00,116.5,117,115,115,100.6093903,27901240
2021-07-08 00:00:00,115,116.5,115,115.5,101.0468216,23792227
2021-07-09 00:00:00,114.5,115,113,114,99.73452759,28407636
2021-07-12 00:00:00,115.5,116,114.5,115,100.6093903,17024161
2021-07-13 00:00:00,116,117,115.5,116.5,101.9216919,36478720
2021-07-14 00:00:00,117.5,117.5,116,116,101.4842529,27098250
2021-07-15 00:00:00,117,120,116.5,119.5,104.5462799,62649339
2021-07-16 00:00:00,118.5,119.5,118,119.5,104.5462799,33640925
2021-07-19 00:00:00,118.5,119,116,116.5,101.9216919,31735324
2021-07-20 00:00:00,115,116,114.5,114.5,100.1719589,26267081
2021-07-21 00:00:00,116,116,112,112.5,98.42222595,62986162
2021-07-22 00:00:00,109,112.5,108.5,110.5,100.2364655,59259611
2021-07-23 00:00:00,112,112,110,110.5,100.2364655,21521533
2021-07-26 00:00:00,111,111,108.5,110,99.78290558,33363024
2021-07-27 00:00:00,111,112,110,111.5,101.1435776,27586534
2021-07-28 00:00:00,110.5,111,109,110.5,100.2364655,32678903
2021-07-29 00:00:00,111,111.5,110,111,100.6900177,20815906
2021-07-30 00:00:00,110,111.5,109.5,110,99.78290558,28280514
2021-08-02 00:00:00,111,113,110,113,102.5042572,24048289
2021-08-03 00:00:00,112.5,113,110.5,111.5,101.1435776,21627785
2021-08-04 00:00:00,112,112.5,111,112,101.5971375,21197328
2021-08-05 00:00:00,111,112,111,112,101.5971375,19911790
2021-08-06 00:00:00,111.5,113,111,112.5,102.0506973,41254699
2021-08-09 00:00:00,112,112.5,111,112,101.5971375,23189411
2021-08-10 00:00:00,111.5,112,108.5,108.5,98.42222595,42815166
2021-08-11 00:00:00,107,109,106,109,98.87578583,46678699
2021-08-12 00:00:00,109,109.5,108,109,98.87578583,18499146
2021-08-13 00:00:00,109.5,110,108,109,98.87578583,46504498
2021-08-16 00:00:00,108.5,109,106.5,107.5,97.51511383,34806631
2021-08-17 00:00:00,107.5,107.5,107.5,107.5,97.51511383,0
2021-08-18 00:00:00,105.5,107.5,104.5,107,97.06155396,31829261
2021-08-19 00:00:00,106,106,102.5,103,93.43308258,51471834
2021-08-20 00:00:00,104,106,102,104.5,94.79376221,30316791
2021-08-23 00:00:00,105.5,108,105.5,107.5,97.51511383,22499882
2021-08-24 00:00:00,108.5,109,107.5,109,98.87578583,17889785
2021-08-25 00:00:00,109,109,107.5,108.5,98.42222595,14045849
2021-08-26 00:00:00,108.5,109,107,107.5,97.51511383,12987155
2021-08-27 00:00:00,107.5,108.5,106.5,108,97.96867371,13808230
2021-08-30 00:00:00,108.5,109,107.5,109,98.87578583,13911174
2021-08-31 00:00:00,108.5,111,108,111,100.6900177,30458896
2021-09-01 00:00:00,111,112,110,111,100.6900177,22232171
2021-09-02 00:00:00,111,113,110.5,111.5,101.1435776,29565666
2021-09-03 00:00:00,112,113,111.5,112.5,102.0506973,23894007
2021-09-06 00:00:00,112.5,113,110.5,111,100.6900177,18270142
2021-09-07 00:00:00,109.5,110,108,108.5,98.42222595,23133531
2021-09-08 00:00:00,108.5,109.5,107,107.5,97.51511383,28436166
2021-09-09 00:00:00,106.5,107.5,106,107,97.06155396,20347345
2021-09-10 00:00:00,107,108.5,107,108,97.96867371,13206233
2021-09-13 00:00:00,107.5,108,106.5,106.5,96.60799408,15297618
2021-09-14 00:00:00,107.5,108,106.5,107.5,97.51511383,19165417
2021-09-15 00:00:00,108,110.5,107.5,108.5,98.42222595,63262671
2021-09-16 00:00:00,108.5,109.5,107.5,107.5,97.51511383,22861780
2021-09-17 00:00:00,107.5,109.5,107,108.5,98.42222595,38649036
2021-09-22 00:00:00,106.5,107.5,106,107,97.06155396,38460147
2021-09-23 00:00:00,107,108,106,106.5,96.60799408,18878589
2021-09-24 00:00:00,107.5,108,107,107.5,97.51511383,15280177
2021-09-27 00:00:00,107,108.5,107,107.5,97.51511383,13850268
2021-09-28 00:00:00,107,107.5,106,106.5,96.60799408,22169547
2021-09-29 00:00:00,105,105.5,104.5,105,95.24732208,32073278
2021-09-30 00:00:00,105,106,104,105,95.24732208,22552355
2021-10-01 00:00:00,104.5,105,103,103,93.43308258,34131219
2021-10-04 00:00:00,104.5,105,102.5,103,93.43308258,25219519
2021-10-05 00:00:00,102,102.5,101,101.5,92.07241058,41574679
2021-10-06 00:00:00,103.5,104.5,103,103,93.43308258,38805074
2021-10-07 00:00:00,104.5,107,104,107,97.06155396,38220702
2021-10-08 00:00:00,107.5,108,106.5,108,97.96867371,27430627
2021-10-12 00:00:00,106.5,107,104.5,105,95.24732208,38628919
2021-10-13 00:00:00,106,106.5,104.5,105.5,95.70088196,18684819
2021-10-14 00:00:00,107,107.5,106.5,106.5,96.60799408,17684751
2021-10-15 00:00:00,108,110,107.5,109.5,99.3293457,49011891
2021-10-18 00:00:00,110.5,111,107,107.5,97.51511383,42099090
2021-10-19 00:00:00,108.5,109,106.5,107,97.06155396,26270635
2021-10-20 00:00:00,107.5,108.5,106.5,107.5,97.51511383,29381245
2021-10-21 00:00:00,108,108.5,107,108,97.96867371,30517157
2021-10-22 00:00:00,108,108.5,107,107.5,97.51511383,14667653
2021-10-25 00:00:00,107.5,109,107,108,97.96867371,21027449
2021-10-26 00:00:00,108.5,109.5,108,109,98.87578583,18026359
2021-10-27 00:00:00,109,109,107.5,108,97.96867371,15831617
2021-10-28 00:00:00,108,109,107.5,108.5,98.42222595,14181424
2021-10-29 00:00:00,108.5,108.5,107,107,97.06155396,20664910
2021-11-01 00:00:00,108,108,106.5,106.5,96.60799408,18124077
2021-11-02 00:00:00,107,108.5,107,107.5,97.51511383,20172294
2021-11-03 00:00:00,107.5,108.5,107.5,107.5,97.51511383,12249306
2021-11-04 00:00:00,108.5,108.5,107.5,108,97.96867371,11307246
2021-11-05 00:00:00,108,109,107.5,109,98.87578583,17621370
2021-11-08 00:00:00,107.5,108,107,107.5,97.51511383,19912872
2021-11-09 00:00:00,107.5,108,107,108,97.96867371,23901115
2021-11-10 00:00:00,108,109.5,107.5,109,98.87578583,22839265
2021-11-11 00:00:00,108.5,109,107.5,107.5,97.51511383,18674012
2021-11-12 00:00:00,108.5,109.5,108,109,98.87578583,26633641
2021-11-15 00:00:00,109,110,108,108,97.96867371,25735186
2021-11-16 00:00:00,108.5,109,108,108,97.96867371,15746287
2021-11-17 00:00:00,108.5,108.5,106.5,107,97.06155396,31800650
2021-11-18 00:00:00,107,107.5,106.5,107,97.06155396,30441523
2021-11-19 00:00:00,107.5,108,106.5,106.5,96.60799408,20714969
2021-11-22 00:00:00,107,107.5,106.5,106.5,96.60799408,17750562
2021-11-23 00:00:00,106.5,107,106,106,96.1544342,22288461
2021-11-24 00:00:00,106,106.5,104.5,105.5,95.70088196,29810172
2021-11-25 00:00:00,106.5,106.5,105,105,95.24732208,17457242
2021-11-26 00:00:00,105,105,103.5,103.5,93.88664246,24109403
2021-11-29 00:00:00,103,105.5,102.5,103.5,93.88664246,27800208
2021-11-30 00:00:00,104,105.5,103,103.5,93.88664246,49334401
2021-12-01 00:00:00,103.5,106,103.5,105.5,95.70088196,22443321
2021-12-02 00:00:00,105,107,105,105,95.24732208,27037026
2021-12-03 00:00:00,105.5,106,105,105,95.24732208,18091990
2021-12-06 00:00:00,105.5,107,105,106.5,96.60799408,22698693
2021-12-07 00:00:00,106,107.5,105,106,96.1544342,25236546
2021-12-08 00:00:00,106.5,107,105,105,95.24732208,35111410
2021-12-09 00:00:00,105,106,105,106,96.1544342,15077799
2021-12-10 00:00:00,105.5,106,104.5,105,95.24732208,20356210
2021-12-13 00:00:00,105,106,104.5,104.5,94.79376221,17305354
2021-12-14 00:00:00,104.5,105.5,104,104.5,94.79376221,22026866
2021-12-15 00:00:00,104,105,103.5,105,95.24732208,22944995
2021-12-16 00:00:00,105.5,106,103.5,103.5,93.88664246,33943652
2021-12-17 00:00:00,103.5,104,103,103.5,93.88664246,31642630
2021-12-20 00:00:00,103.5,104,103,103,93.43308258,17983356
2021-12-21 00:00:00,103.5,104.5,103,104.5,94.79376221,13187322
2021-12-22 00:00:00,104.5,104.5,103.5,103.5,93.88664246,11494283
2021-12-23 00:00:00,104,104.5,103.5,104,94.34020233,13822871
2021-12-24 00:00:00,104.5,105,104,104,94.34020233,11585049
2021-12-27 00:00:00,104.5,105,104,104.5,94.79376221,8809417
2021-12-28 00:00:00,104.5,105.5,104.5,105.5,95.70088196,15514907
2021-12-29 00:00:00,105,105.5,104.5,105,95.24732208,13358175
2021-12-30 00:00:00,104.5,105,104,104,94.34020233,16940701
2022-01-03 00:00:00,104.5,105,103,103,93.43308258,21800309
2022-01-04 00:00:00,104,104,103,103.5,93.88664246,18097232
2022-01-05 00:00:00,104,111,103.5,109,98.87578583,142256949
2022-01-06 00:00:00,108,108.5,106,107,97.06155396,49111058
2022-01-07 00:00:00,108,108.5,106,106.5,96.60799408,38575103
2022-01-10 00:00:00,106,106.5,104,104.5,94.79376221,34566857
2022-01-11 00:00:00,104.5,105,104,104.5,94.79376221,26075278
2022-01-12 00:00:00,105,105.5,104,104.5,94.79376221,18805639
2022-01-13 00:00:00,105,105.5,104.5,105.5,95.70088196,19590729
2022-01-14 00:00:00,105,105.5,103,103.5,93.88664246,38360049
2022-01-17 00:00:00,103.5,104.5,103.5,103.5,93.88664246,16094235
2022-01-18 00:00:00,104.5,104.5,103.5,103.5,93.88664246,14778734
2022-01-19 00:00:00,103.5,104.5,103,103.5,93.88664246,23938918
2022-01-20 00:00:00,103.5,104,103,103,93.43308258,28843468
2022-01-21 00:00:00,102.5,103,102,102,92.52597046,32900646
2022-01-24 00:00:00,103,104.5,102.5,103,93.43308258,41645390
2022-01-25 00:00:00,103,103.5,102,103,93.43308258,28944982
2022-01-26 00:00:00,103,103.5,102,102,92.52597046,33050112
2022-02-07 00:00:00,102.5,104.5,102.5,103,93.43308258,33556371
2022-02-08 00:00:00,104,106,103,105.5,95.70088196,42889717
2022-02-09 00:00:00,106,106.5,105.5,106.5,96.60799408,22694894
2022-02-10 00:00:00,106.5,107,105.5,106.5,96.60799408,20096356
2022-02-11 00:00:00,105.5,106,104.5,106,96.1544342,16613415
2022-02-14 00:00:00,105,105,103.5,104,94.34020233,22322581
2022-02-15 00:00:00,104,105,104,104,94.34020233,13442567
2022-02-16 00:00:00,105,106,104.5,105.5,95.70088196,13415034
2022-02-17 00:00:00,106,106.5,105,106,96.1544342,25431607
2022-02-18 00:00:00,105,106,105,105.5,95.70088196,11303877
2022-02-21 00:00:00,105,107,104.5,106,96.1544342,23424745
2022-02-22 00:00:00,105,105.5,104,104.5,94.79376221,25922027
2022-02-23 00:00:00,104.5,105.5,104.5,105,95.24732208,14519774
2022-02-24 00:00:00,104,104.5,102.5,102.5,92.97953033,47297284
2022-02-25 00:00:00,103,103.5,102.5,103,93.43308258,29597295
2022-03-01 00:00:00,104,105.5,103.5,104.5,94.79376221,28845483
2022-03-02 00:00:00,104,105,104,104.5,94.79376221,13781632
2022-03-03 00:00:00,105,105.5,104.5,104.5,94.79376221,13799475
2022-03-04 00:00:00,104,105,103.5,105,95.24732208,18406414
2022-03-07 00:00:00,104,104,102.5,102.5,92.97953033,43631775
2022-03-08 00:00:00,101.5,102.5,100,101.5,92.07241058,60192113
2022-03-09 00:00:00,102,102.5,101.5,101.5,92.07241058,29168018
2022-03-10 00:00:00,103,104,102.5,103,93.43308258,25008712
2022-03-11 00:00:00,103,104,102.5,103.5,93.88664246,23629440
2022-03-14 00:00:00,103,104,102.5,102.5,92.97953033,25796152
2022-03-15 00:00:00,102,103,101,101,91.61885071,31099190
2022-03-16 00:00:00,101.5,102.5,100,101.5,92.07241058,35941142
2022-03-17 00:00:00,103.5,104.5,103,104,94.34020233,43536754
2022-03-18 00:00:00,105,106,103.5,106,96.1544342,82056684
2022-03-21 00:00:00,106,106.5,104.5,104.5,94.79376221,21118636
2022-03-22 00:00:00,104,104.5,103.5,104,94.34020233,21010720
2022-03-23 00:00:00,104.5,105.5,104,105.5,95.70088196,19285529
2022-03-24 00:00:00,105,108,104.5,106.5,96.60799408,50161697
2022-03-25 00:00:00,106.5,107,106,106,96.1544342,20559680
2022-03-28 00:00:00,105.5,106.5,104.5,106,96.1544342,19827138
2022-03-29 00:00:00,106,106.5,104.5,105.5,95.70088196,15281994
2022-03-30 00:00:00,106,106,105,105.5,95.70088196,19929601
2022-03-31 00:00:00,106,106.5,105.5,106,96.1544342,20008814
2022-04-01 00:00:00,105,105.5,104.5,104.5,94.79376221,23307788
2022-04-06 00:00:00,104.5,105,104,105,95.24732208,31289599
2022-04-07 00:00:00,104.5,105,103,103,93.43308258,34459124
2022-04-08 00:00:00,103,103.5,102.5,103,93.43308258,24825800
2022-04-11 00:00:00,103,103.5,101.5,102,92.52597046,28845321
2022-04-12 00:00:00,102,103,101.5,102,92.52597046,17640348
2022-04-13 00:00:00,103,104.5,102.5,104,94.34020233,15837431
2022-04-14 00:00:00,104,104.5,103.5,104,94.34020233,8896584
2022-04-15 00:00:00,103.5,104,103,103,93.43308258,11699116
2022-04-18 00:00:00,102,103,102,102.5,92.97953033,11383276
2022-04-19 00:00:00,103,103.5,102,102,92.52597046,17643855
2022-04-20 00:00:00,102.5,103,102,103,93.43308258,19489328
2022-04-21 00:00:00,103.5,104,103,103,93.43308258,18357634
2022-04-22 00:00:00,102.5,103.5,102,103.5,93.88664246,16603902
2022-04-25 00:00:00,102.5,102.5,100.5,100.5,91.1652832,40565427
2022-04-26 00:00:00,101,101.5,100.5,101,91.61885071,20545513
2022-04-27 00:00:00,99.90000153,100.5,99.69999695,100,90.71173096,29697752
2022-04-28 00:00:00,100,101.5,100,101.5,92.07241058,27751372
2022-04-29 00:00:00,101.5,102,101.5,102,92.52597046,14137983
2022-05-03 00:00:00,102,103,101.5,102.5,92.97953033,17216495
2022-05-04 00:00:00,103.5,104.5,103,104,94.34020233,29912716
2022-05-05 00:00:00,105,105.5,104,104.5,94.79376221,34766562
2022-05-06 00:00:00,103.5,104,102.5,104,94.34020233,27316318
2022-05-09 00:00:00,103.5,104,103,104,94.34020233,24282777
2022-05-10 00:00:00,103,104,102.5,104,94.34020233,17584435
2022-05-11 00:00:00,103.5,104,103,103,93.43308258,19605349
2022-05-12 00:00:00,103,103,102,102,92.52597046,22154008
2022-05-13 00:00:00,104,104,103,104,94.34020233,19656439
2022-05-16 00:00:00,104,104.5,103.5,104.5,94.79376221,22467860
2022-05-17 00:00:00,104.5,105,104,105,95.24732208,25153620
2022-05-18 00:00:00,105.5,107,105,107,97.06155396,55743416
2022-05-19 00:00:00,105.5,107.5,105,107.5,97.51511383,37286039
2022-05-20 00:00:00,107.5,109,107,107,97.06155396,45964633
2022-05-23 00:00:00,108,109,107,108,97.96867371,34196330
2022-05-24 00:00:00,108,109,108,108,97.96867371,37199729
2022-05-25 00:00:00,108.5,110,108,109.5,99.3293457,75541746
2022-05-26 00:00:00,110,110.5,108.5,109,98.87578583,39995538
2022-05-27 00:00:00,110,111,109.5,110,99.78290558,51671206
2022-05-30 00:00:00,110.5,111,109,110.5,100.2364655,43770168
2022-05-31 00:00:00,111,113,110,113,102.5042572,89526207
2022-06-01 00:00:00,112.5,116,112,114.5,103.8649292,71080756
2022-06-02 00:00:00,114.5,116,113.5,114,103.4113693,36440162
2022-06-06 00:00:00,115,116,114,115.5,104.772049,35782678
2022-06-07 00:00:00,115,115.5,113.5,113.5,102.9578171,37688003
2022-06-08 00:00:00,114.5,115,113.5,114,103.4113693,18570005
2022-06-09 00:00:00,114,115.5,113.5,115.5,104.772049,29571170
2022-06-10 00:00:00,115,115,114,114,103.4113693,24037427
2022-06-13 00:00:00,112.5,112.5,111,111.5,101.1435776,45251873
2022-06-14 00:00:00,110,112.5,110,111.5,101.1435776,31839349
2022-06-15 00:00:00,112.5,112.5,111.5,112,101.5971375,24548371
2022-06-16 00:00:00,113.5,113.5,110.5,111.5,101.1435776,31543119
2022-06-17 00:00:00,110,111,109.5,109.5,99.3293457,49546955
2022-06-20 00:00:00,110,110.5,108.5,109,98.87578583,33359214
2022-06-21 00:00:00,110.5,112.5,110.5,112,101.5971375,38500252
2022-06-22 00:00:00,111.5,111.5,109.5,109.5,99.3293457,31181855
2022-06-23 00:00:00,110.5,110.5,107.5,108,97.96867371,45758826
2022-06-24 00:00:00,109,110.5,108.5,110,99.78290558,29542926
2022-06-27 00:00:00,111,112,111,111,100.6900177,25944301
2022-06-28 00:00:00,111.5,112,110,112,101.5971375,27617500
2022-06-29 00:00:00,111.5,112.5,110.5,111,100.6900177,33501065
2022-06-30 00:00:00,110.5,111,109,109,98.87578583,44339108
2022-07-01 00:00:00,108.5,109,105.5,106,96.1544342,62417854
2022-07-04 00:00:00,100.5,102,99.5,100,95.39130402,70346389
2022-07-05 00:00:00,102,103,101,102.5,97.7760849,45133868
2022-07-06 00:00:00,103,103.5,100.5,100.5,95.86826324,45606608
2022-07-07 00:00:00,101,103.5,100.5,103.5,98.72999573,40971306
2022-07-08 00:00:00,103.5,104,101.5,102,97.29912567,34112553
2022-07-11 00:00:00,102,102,100.5,101,96.34521484,18375028
2022-07-12 00:00:00,100,101,99.69999695,100.5,95.86826324,26056813
2022-07-13 00:00:00,103,103.5,102.5,102.5,97.7760849,31813542
2022-07-14 00:00:00,102.5,106,102.5,105,100.1608658,46066645
2022-07-15 00:00:00,105,106,104.5,105,100.1608658,24630202
2022-07-18 00:00:00,105,105.5,104,105,100.1608658,17000378
2022-07-19 00:00:00,104.5,105,103.5,104,99.20695496,20445793
2022-07-20 00:00:00,104,105,103,103.5,98.72999573,35017029
2022-07-21 00:00:00,104,105.5,103.5,105.5,100.637825,23154380
2022-07-22 00:00:00,105.5,106.5,105,106,101.1147842,28741668
2022-07-25 00:00:00,106,108,105.5,107.5,102.5456543,39068310
2022-07-26 00:00:00,108,108.5,107,108,103.0226059,22725130
2022-07-27 00:00:00,108.5,109.5,107.5,108,103.0226059,30666386
2022-07-28 00:00:00,109,109,108,108.5,103.4995651,21777281
2022-07-29 00:00:00,109,109.5,108.5,109,103.9765244,21866952
2022-08-01 00:00:00,108.5,109,108,109,103.9765244,14697891
2022-08-02 00:00:00,108,108,106.5,108,103.0226059,40353392
2022-08-03 00:00:00,107.5,108.5,107,108.5,103.4995651,30936472
2022-08-04 00:00:00,108,108.5,106.5,108,103.0226059,38651714
2022-08-05 00:00:00,108.5,109,108,108,103.0226059,24868879
2022-08-08 00:00:00,107,108,106.5,108,103.0226059,22571210
2022-08-09 00:00:00,108,109,107,109,103.9765244,25759491
2022-08-10 00:00:00,109,111,108,110,104.9304352,56343332
2022-08-11 00:00:00,111.5,113,110.5,113,107.7921753,62046990
2022-08-12 00:00:00,113,114,112,112.5,107.3152161,48405887
2022-08-15 00:00:00,113,113,111.5,112,106.8382568,29323346
2022-08-16 00:00:00,112,112,110.5,111,105.884346,28765617
2022-08-17 00:00:00,111,112.5,111,112.5,107.3152161,30500758
2022-08-18 00:00:00,112.5,112.5,111,112,106.8382568,25764909
2022-08-19 00:00:00,111.5,112,111,111,105.884346,17611604
2022-08-22 00:00:00,110.5,111,110,110,104.9304352,10185000
2022-08-23 00:00:00,110,110.5,109.5,110,104.9304352,17881145
2022-08-24 00:00:00,110.5,111,109,109.5,104.453476,24541358
2022-08-25 00:00:00,109.5,110.5,109.5,109.5,104.453476,14108637
2022-08-26 00:00:00,110,110.5,109.5,110.5,105.4073868,17056269
2022-08-29 00:00:00,108.5,109,108,108,103.0226059,26838820
2022-08-30 00:00:00,108.5,109,108,108.5,103.4995651,21797499
2022-08-31 00:00:00,108,109.5,107.5,109,103.9765244,28991269
2022-09-01 00:00:00,108,108.5,107,107.5,102.5456543,37415613
2022-09-02 00:00:00,108,108,107,107.5,102.5456543,17074664
2022-09-05 00:00:00,108,108.5,107.5,108,103.0226059,21079281
2022-09-06 00:00:00,108.5,108.5,107.5,108.5,103.4995651,16384324
2022-09-07 00:00:00,107.5,108,106,106,101.1147842,31588795
2022-09-08 00:00:00,107,107,106,107,102.0686951,15056746
2022-09-12 00:00:00,108.5,109,107.5,108.5,103.4995651,18427897
2022-09-13 00:00:00,109,110.5,108.5,110,104.9304352,32733009
2022-09-14 00:00:00,107.5,108.5,107,107.5,102.5456543,26434615
2022-09-15 00:00:00,107.5,108.5,107.5,108,103.0226059,17100232
2022-09-16 00:00:00,107.5,108,107,107.5,102.5456543,37103124
2022-09-19 00:00:00,107.5,108,106.5,107,102.0686951,17131612
2022-09-20 00:00:00,107.5,108.5,107,108.5,103.4995651,25688754
2022-09-21 00:00:00,108.5,108.5,106.5,107,102.0686951,25799149
2022-09-22 00:00:00,106.5,107.5,106,107,102.0686951,24048970
2022-09-23 00:00:00,107,107.5,106,106.5,101.5917358,15318321
2022-09-26 00:00:00,105.5,106,103.5,104,99.20695496,40675073
2022-09-27 00:00:00,104,104.5,103,103.5,98.72999573,21273277
2022-09-28 00:00:00,103.5,104,100.5,100.5,95.86826324,48743869
2022-09-29 00:00:00,101.5,102.5,101,101.5,96.82217407,40253163
2022-09-30 00:00:00,100,102,100,102,97.29912567,27852050
2022-10-03 00:00:00,101,102,100.5,101,96.34521484,20873153
2022-10-04 00:00:00,102.5,103,102,102.5,97.7760849,17249740
2022-10-05 00:00:00,105.5,107.5,105,107,102.0686951,52299029
2022-10-06 00:00:00,108,108.5,106.5,107.5,102.5456543,27153696
2022-10-07 00:00:00,107,108,106.5,107.5,102.5456543,21917087
2022-10-11 00:00:00,105,105.5,104,104,99.20695496,37540410
2022-10-12 00:00:00,104,104.5,102.5,103,98.25304413,37752638
2022-10-13 00:00:00,103.5,104.5,102.5,103.5,98.72999573,29359558
2022-10-14 00:00:00,104.5,105.5,104.5,105,100.1608658,25035354
2022-10-17 00:00:00,104,105.5,104,105,100.1608658,28280778
2022-10-18 00:00:00,105.5,106,103,103.5,98.72999573,38498822
2022-10-19 00:00:00,104,105,103,103,98.25304413,54005985
2022-10-20 00:00:00,103,103.5,101,102.5,97.7760849,57596655
2022-10-21 00:00:00,102.5,103.5,102,103.5,98.72999573,24049235
2022-10-24 00:00:00,104.5,104.5,102.5,103,98.25304413,29054365
2022-10-25 00:00:00,103,103.5,101.5,103.5,98.72999573,36701674
2022-10-26 00:00:00,104,104.5,103,104,99.20695496,28275416
2022-10-27 00:00:00,105,105,104,104,99.20695496,31261879
2022-10-28 00:00:00,104.5,104.5,103,104,99.20695496,22200068
2022-10-31 00:00:00,101.5,103,101.5,102.5,97.7760849,43562953
2022-11-01 00:00:00,101.5,102,100.5,101.5,96.82217407,46692717
2022-11-02 00:00:00,101.5,102,101,102,97.29912567,28465028
2022-11-03 00:00:00,101,101.5,100.5,101,96.34521484,39227107
2022-11-04 00:00:00,100,101,99.5,100.5,95.86826324,48440518
2022-11-07 00:00:00,100.5,101,99.80000305,100,95.39130402,40465357
2022-11-08 00:00:00,100,100.5,100,100,95.39130402,29917422
2022-11-09 00:00:00,100,102.5,100,102.5,97.7760849,40267209
2022-11-10 00:00:00,101,101.5,100.5,100.5,95.86826324,38942597
2022-11-11 00:00:00,101.5,102.5,100,100,95.39130402,88699853
2022-11-14 00:00:00,99.5,101.5,99.5,101.5,96.82217407,66938705
2022-11-15 00:00:00,101.5,102.5,101,101.5,96.82217407,46831926
2022-11-16 00:00:00,101.5,102.5,101,101.5,96.82217407,46656901
2022-11-17 00:00:00,101.5,102,101,101.5,96.82217407,26166790
2022-11-18 00:00:00,101.5,102.5,100.5,100.5,95.86826324,43152213
2022-11-21 00:00:00,101,101.5,100,100,95.39130402,30138717
2022-11-22 00:00:00,100,100.5,100,100.5,95.86826324,28386414
2022-11-23 00:00:00,101,101.5,100.5,100.5,95.86826324,31531556
2022-11-24 00:00:00,100.5,101,100,101,96.34521484,42058555
2022-11-25 00:00:00,100.5,101,100,100.5,95.86826324,34893350
2022-11-28 00:00:00,100.5,100.5,99.59999847,100,95.39130402,46570604
2022-11-29 00:00:00,100,100.5,99.69999695,100,95.39130402,33933430
2022-11-30 00:00:00,100.5,101.5,100,100.5,95.86826324,73098376
2022-12-01 00:00:00,101.5,103,101.5,103,98.25304413,66190485
2022-12-02 00:00:00,103,106,103,105.5,100.637825,77556958
2022-12-05 00:00:00,106.5,107,105.5,105.5,100.637825,45869305
2022-12-06 00:00:00,104,104.5,102.5,103,98.25304413,54823509
2022-12-07 00:00:00,102.5,104,102,102,97.29912567,44543745
2022-12-08 00:00:00,102,102.5,101.5,101.5,96.82217407,30784065
2022-12-09 00:00:00,102.5,103,102,102,97.29912567,32429484
2022-12-12 00:00:00,102,102,101,102,97.29912567,19377505
2022-12-13 00:00:00,102,102.5,101,101,96.34521484,34609744
2022-12-14 00:00:00,101.5,102.5,101,102.5,97.7760849,24686884
2022-12-15 00:00:00,101.5,102.5,101.5,101.5,96.82217407,24472461
2022-12-16 00:00:00,100.5,101.5,100,100.5,95.86826324,71935875
2022-12-19 00:00:00,100.5,102,100.5,101.5,96.82217407,29443100
2022-12-20 00:00:00,101,101.5,100,100,95.39130402,44517003
2022-12-21 00:00:00,101,101,100,100,95.39130402,27849028
2022-12-22 00:00:00,101,101,100.5,101,96.34521484,21205805
2022-12-23 00:00:00,100,101,100,101,96.34521484,15377369
2022-12-26 00:00:00,101.5,101.5,100.5,101,96.34521484,8716525
2022-12-27 00:00:00,101,101.5,100.5,100.5,95.86826324,8826169
2022-12-28 00:00:00,100.5,100.5,100,100.5,95.86826324,22673422
2022-12-29 00:00:00,100,100,99.5,99.69999695,95.10512543,37212398
2022-12-30 00:00:00,100,100.5,99.80000305,99.90000153,95.2959137,18093658
2023-01-03 00:00:00,99.90000153,99.90000153,98,99.09999847,94.53278351,46594672
2023-01-04 00:00:00,98,98.69999695,98,98.09999847,93.57886505,41500261
2023-01-05 00:00:00,98.09999847,98.90000153,98,98,93.48347473,35686123
2023-01-06 00:00:00,98.30000305,98.80000305,98.30000305,98.40000153,93.86504364,20091590
2023-01-09 00:00:00,99.19999695,99.59999847,98.90000153,99.09999847,94.53278351,33250703
2023-01-10 00:00:00,99.40000153,99.80000305,99.09999847,99.40000153,94.81895447,19385954
2023-01-11 00:00:00,99.80000305,99.80000305,99.09999847,99.09999847,94.53278351,19900837
2023-01-12 00:00:00,99.09999847,99.5,98.59999847,98.59999847,94.05582428,18537275
2023-01-13 00:00:00,99,99.5,98.59999847,98.59999847,94.05582428,17809439
2023-01-16 00:00:00,98.59999847,99.19999695,98.09999847,98.09999847,93.57886505,26829826
2023-01-17 00:00:00,98.19999695,98.5,98.09999847,98.09999847,93.57886505,27871039
2023-01-30 00:00:00,99.59999847,99.69999695,98,98.09999847,93.57886505,81832690
2023-01-31 00:00:00,98.30000305,101,98.19999695,99.69999695,95.10512543,78717445
2023-02-01 00:00:00,100.5,101,99.80000305,100,95.39130402,39899084
2023-02-02 00:00:00,100.5,101,100,100,95.39130402,49473623
2023-02-03 00:00:00,100,100.5,99.5,99.59999847,95.00973511,43062963
2023-02-06 00:00:00,100.5,102,100.5,101.5,96.82217407,50209500
2023-02-07 00:00:00,102,102,100.5,100.5,95.86826324,31198971
2023-02-08 00:00:00,100.5,101,100.5,100.5,95.86826324,24332505
2023-02-09 00:00:00,100.5,101.5,100,101,96.34521484,29215985
2023-02-10 00:00:00,101.5,102,100.5,101.5,96.82217407,25426136
2023-02-13 00:00:00,101.5,102,101,101,96.34521484,18330530
2023-02-14 00:00:00,101.5,102,101.5,102,97.29912567,18342029
2023-02-15 00:00:00,102,102.5,101.5,102.5,97.7760849,36053227
2023-02-16 00:00:00,103,103.5,102.5,103.5,98.72999573,39617729
2023-02-17 00:00:00,103,103.5,102.5,103.5,98.72999573,28586479
2023-02-20 00:00:00,103.5,104,102.5,103,98.25304413,21971615
2023-02-21 00:00:00,102.5,103,102.5,102.5,97.7760849,13794962
2023-02-22 00:00:00,102,102.5,101.5,102,97.29912567,21960210
2023-02-23 00:00:00,102,103,102,103,98.25304413,20815057
2023-02-24 00:00:00,103,103.5,101,101,96.34521484,53866924
2023-03-01 00:00:00,100,103,100,102,97.29912567,44807719
2023-03-02 00:00:00,102.5,103,101.5,102.5,97.7760849,27825685
2023-03-03 00:00:00,103.5,104,102.5,102.5,97.7760849,29133932
2023-03-06 00:00:00,103,104,102.5,103.5,98.72999573,37825717
2023-03-07 00:00:00,103.5,106,103.5,105,100.1608658,72281357
2023-03-08 00:00:00,104.5,105,104,104,99.20695496,31270865
2023-03-09 00:00:00,104,104.5,102,102.5,97.7760849,61494331
2023-03-10 00:00:00,102,102.5,101.5,102,97.29912567,27734890
2023-03-13 00:00:00,102,103.5,101.5,103,98.25304413,23591966
2023-03-14 00:00:00,102,102.5,101.5,102,97.29912567,29415418
2023-03-15 00:00:00,102.5,103,102,102.5,97.7760849,20481113
2023-03-16 00:00:00,102.5,103,102,102,97.29912567,27614054
2023-03-17 00:00:00,103,104.5,102.5,103.5,98.72999573,62309325
2023-03-20 00:00:00,103.5,104,102.5,102.5,97.7760849,21366539
2023-03-21 00:00:00,103,104,103,103.5,98.72999573,21054992
2023-03-22 00:00:00,103.5,104.5,103,103.5,98.72999573,21545922
2023-03-23 00:00:00,103,104.5,103,103.5,98.72999573,31525774
2023-03-24 00:00:00,104.5,106,104,105.5,100.637825,68833626
2023-03-27 00:00:00,105,105.5,103.5,103.5,98.72999573,32246406
2023-03-28 00:00:00,104,104,103,103,98.25304413,24056022
2023-03-29 00:00:00,103,104,103,103.5,98.72999573,21090350
2023-03-30 00:00:00,104,104.5,103.5,104.5,99.68391418,19398433
2023-03-31 00:00:00,104.5,105,104,104,99.20695496,18283580
2023-04-06 00:00:00,104.5,105.5,103,103.5,98.72999573,39046856
2023-04-07 00:00:00,104,104,103,103,98.25304413,11565207
2023-04-10 00:00:00,103,104,103,103,98.25304413,12404976
2023-04-11 00:00:00,103.5,104,103,103.5,98.72999573,29073959
2023-04-12 00:00:00,103.5,103.5,102.5,102.5,97.7760849,20279457
2023-04-13 00:00:00,102.5,103.5,102.5,103,98.25304413,22784420
2023-04-14 00:00:00,104,104.5,103,104.5,99.68391418,25584829
2023-04-17 00:00:00,104.5,104.5,103.5,104,99.20695496,15274691
2023-04-18 00:00:00,104,104.5,103.5,104.5,99.68391418,16042798
2023-04-19 00:00:00,104.5,104.5,103.5,104,99.20695496,18734037
2023-04-20 00:00:00,103.5,104.5,103.5,104.5,99.68391418,19680444
2023-04-21 00:00:00,105,105.5,104,104,99.20695496,32735172
2023-04-24 00:00:00,104,104.5,103.5,103.5,98.72999573,18393606
2023-04-25 00:00:00,103.5,104,103,103,98.25304413,26878363
2023-04-26 00:00:00,103,104.5,103,103.5,98.72999573,33983572
2023-04-27 00:00:00,103.5,104,103,103.5,98.72999573,16606395
2023-04-28 00:00:00,104,104.5,103.5,104.5,99.68391418,19404553
2023-05-02 00:00:00,104.5,106,104,106,101.1147842,49934354
2023-05-03 00:00:00,105.5,106,105,105.5,100.637825,26855259
2023-05-04 00:00:00,105.5,105.5,105,105,100.1608658,12735443
2023-05-05 00:00:00,105,105.5,104.5,105,100.1608658,12524881
2023-05-08 00:00:00,105.5,106,105,105,100.1608658,10197144
2023-05-09 00:00:00,105,107,104.5,106.5,101.5917358,40552496
2023-05-10 00:00:00,106.5,107,106,106.5,101.5917358,17406967
2023-05-11 00:00:00,106.5,107,105,105,100.1608658,21740140
2023-05-12 00:00:00,103.5,104,102,102.5,97.7760849,70640476
2023-05-15 00:00:00,102.5,103,102,102,97.29912567,28080940
2023-05-16 00:00:00,102.5,103,102,102,97.29912567,41848030
2023-05-17 00:00:00,102,103,102,102.5,97.7760849,38707801
2023-05-18 00:00:00,103,103.5,102.5,103,98.25304413,27646823
2023-05-19 00:00:00,103,103,102,103,98.25304413,33026440
2023-05-22 00:00:00,102.5,103,102.5,103,98.25304413,18055020
2023-05-23 00:00:00,103,103,102.5,102.5,97.7760849,21793465
2023-05-24 00:00:00,102.5,103,102.5,103,98.25304413,15681903
2023-05-25 00:00:00,102.5,103.5,102.5,102.5,97.7760849,25782108
2023-05-26 00:00:00,102.5,103,102,102.5,97.7760849,34841283
2023-05-29 00:00:00,103.5,106,103,105.5,100.637825,77950453
2023-05-30 00:00:00,106.5,108,106,107,102.0686951,88126662
2023-05-31 00:00:00,107.5,107.5,105.5,106.5,101.5917358,58697772
2023-06-01 00:00:00,106.5,108,106,108,103.0226059,46264650
2023-06-02 00:00:00,108.5,109,107.5,108,103.0226059,53639503
2023-06-05 00:00:00,108.5,108.5,107,107.5,102.5456543,24441405
2023-06-06 00:00:00,107,107.5,106,107,102.0686951,36177082
2023-06-07 00:00:00,107.5,108,107,108,103.0226059,22331554
2023-06-08 00:00:00,108,108,107,107,102.0686951,17253275
2023-06-09 00:00:00,107.5,108,107,108,103.0226059,16636034
2023-06-12 00:00:00,108,112,107.5,110.5,105.4073868,97931538
2023-06-13 00:00:00,111,113,111,112.5,107.3152161,69701479
2023-06-14 00:00:00,112.5,113,111.5,112.5,107.3152161,35568685
2023-06-15 00:00:00,112.5,113,111,111.5,106.3613052,34887268
2023-06-16 00:00:00,111.5,112.5,111,111,105.884346,46995134
2023-06-19 00:00:00,111.5,113,111,112.5,107.3152161,25047682
2023-06-20 00:00:00,113,113.5,111.5,112.5,107.3152161,29739937
2023-06-21 00:00:00,112.5,113,112,113,107.7921753,34763025
2023-06-26 00:00:00,113.5,116,113,115.5,110.1769562,99919960
2023-06-27 00:00:00,116,116.5,114,114,108.7460861,66946025
2023-06-28 00:00:00,114.5,116,114.5,115,109.6999969,44666321
2023-06-29 00:00:00,116,116,113,113,107.7921753,39560094
2023-06-30 00:00:00,113,113,111,113,107.7921753,48200965
2023-07-03 00:00:00,114,115,113.5,115,109.6999969,87520052
2023-07-04 00:00:00,112,112.5,109.5,110,110,79691146
2023-07-05 00:00:00,110,110.5,107.5,108.5,108.5,50544581
2023-07-06 00:00:00,107.5,107.5,105,105.5,105.5,69069457
2023-07-07 00:00:00,105,106,104.5,105.5,105.5,30487502
2023-07-10 00:00:00,105.5,106,104.5,104.5,104.5,24605713
2023-07-11 00:00:00,105,105.5,104.5,105,105,23641103
2023-07-12 00:00:00,105,107.5,105,107.5,107.5,37582438
2023-07-13 00:00:00,108.5,109,107,107,107,29761053
2023-07-14 00:00:00,107.5,109.5,106.5,109.5,109.5,43171954
2023-07-17 00:00:00,110,111,109.5,110.5,110.5,41250219
2023-07-18 00:00:00,110.5,113.5,110,112,112,52327726
2023-07-19 00:00:00,113,113.5,108,108.5,108.5,54580337
2023-07-20 00:00:00,109,110,107.5,108,108,32928924
2023-07-21 00:00:00,107,108.5,106.5,107.5,107.5,24874943
2023-07-24 00:00:00,108,108.5,107,108,108,19757373
2023-07-25 00:00:00,108.5,112,108.5,112,112,60570621
2023-07-26 00:00:00,112,112.5,111,111.5,111.5,30040003
2023-07-27 00:00:00,112,113,110.5,110.5,110.5,31329930
2023-07-28 00:00:00,110.5,111,109.5,109.5,109.5,22140011
2023-07-31 00:00:00,110.5,111,108.5,108.5,108.5,30316038
2023-08-01 00:00:00,109.5,111,109,110.5,110.5,23966725
2023-08-02 00:00:00,110,110.5,108,108,108,33642403
2023-08-04 00:00:00,109,111,109,111,111,38960707
2023-08-07 00:00:00,112,112.5,109.5,109.5,109.5,45334600
2023-08-08 00:00:00,110.5,111,109.5,110.5,110.5,29163604
2023-08-09 00:00:00,110.5,111.5,110,110.5,110.5,20348974
2023-08-10 00:00:00,111,111,109.5,110,110,22241741
2023-08-11 00:00:00,110,110.5,108.5,108.5,108.5,22550572
2023-08-14 00:00:00,109.5,110.5,109,110,110,29995115
2023-08-15 00:00:00,108,109,107,107,107,63923173
2023-08-16 00:00:00,106.5,106.5,105,105.5,105.5,43637112
2023-08-17 00:00:00,105.5,107,105.5,106.5,106.5,24569578
2023-08-18 00:00:00,106.5,107,105.5,106,106,17125216
2023-08-21 00:00:00,106.5,107,105.5,106,106,10711817
2023-08-22 00:00:00,106.5,107,106,106.5,106.5,13146421
2023-08-23 00:00:00,106.5,107.5,106,106.5,106.5,16513876
2023-08-24 00:00:00,109,110.5,108.5,109.5,109.5,50697365
2023-08-25 00:00:00,108.5,109,108,108,108,21088268
2023-08-28 00:00:00,108.5,109,108,108,108,16737977
2023-08-29 00:00:00,108,108.5,105,106,106,64075629
2023-08-30 00:00:00,106.5,107,106,106,106,20719271
2023-08-31 00:00:00,106,107,105.5,106.5,106.5,56712590
2023-09-01 00:00:00,106.5,107.5,106.5,107.5,107.5,14016360
2023-09-04 00:00:00,107.5,108,105.5,106.5,106.5,21196486
2023-09-05 00:00:00,106.5,107,106,107,107,13373644
2023-09-06 00:00:00,106.5,107,106,106,106,16988014
2023-09-07 00:00:00,106,106,105.5,105.5,105.5,14559702
2023-09-08 00:00:00,105.5,106,105,106,106,12030780
2023-09-11 00:00:00,106,106,105,105,105,17772579
2023-09-12 00:00:00,106,107.5,105.5,107.5,107.5,29770627
2023-09-13 00:00:00,107,107.5,105.5,106,106,18281220
2023-09-14 00:00:00,106.5,107,106,106.5,106.5,15804957
2023-09-15 00:00:00,106.5,107,106,106,106,35465752
2023-09-18 00:00:00,106,106.5,105.5,106.5,106.5,19079463
2023-09-19 00:00:00,106.5,107.5,106.5,106.5,106.5,13714612
2023-09-20 00:00:00,106.5,107,106,106,106,18615029
2023-09-21 00:00:00,106,106.5,105,105,105,22188851
2023-09-22 00:00:00,105,105.5,105,105,105,15051487
2023-09-25 00:00:00,105.5,106,105,105.5,105.5,16313538
2023-09-26 00:00:00,105,105.5,104,104,104,30099451
2023-09-27 00:00:00,104,104.5,103.5,104,104,16064926
2023-09-28 00:00:00,104.5,104.5,103,104,104,21103053
2023-10-02 00:00:00,104,105,104,104.5,104.5,13885858
2023-10-03 00:00:00,104,104.5,103.5,104,104,17439779
2023-10-04 00:00:00,103,103.5,102.5,103,103,27359567
2023-10-05 00:00:00,103,104,103,103.5,103.5,16616231
2023-10-06 00:00:00,105,106,104.5,105.5,105.5,28044586
2023-10-11 00:00:00,106.5,106.5,105.5,106,106,28530118
2023-10-12 00:00:00,106.5,107,106,107,107,27974396
2023-10-13 00:00:00,107,107.5,106,107.5,107.5,26550436
2023-10-16 00:00:00,107,107.5,106.5,107,107,17125445
2023-10-17 00:00:00,107.5,108,106.5,106.5,106.5,15540479
2023-10-18 00:00:00,106,106.5,105,105.5,105.5,26924552
2023-10-19 00:00:00,105,105.5,103,103.5,103.5,36902352
2023-10-20 00:00:00,103,104.5,103,103.5,103.5,32000342
2023-10-23 00:00:00,102,102,100,100.5,100.5,82749215
2023-10-24 00:00:00,99.80000305,99.80000305,97.30000305,98.30000305,98.30000305,110028656
2023-10-25 00:00:00,98.30000305,99.5,98.30000305,99,99,40481603
2023-10-26 00:00:00,98.30000305,98.69999695,98,98.5,98.5,37967556
2023-10-27 00:00:00,98.5,98.90000153,98.19999695,98.19999695,98.19999695,33142928
2023-10-30 00:00:00,98.30000305,98.5,94,94.5,94.5,134995332
2023-10-31 00:00:00,95.09999847,96.90000153,95.09999847,96.5,96.5,56204082
2023-11-01 00:00:00,96.40000153,96.5,95.59999847,95.59999847,95.59999847,26230059
2023-11-02 00:00:00,96.19999695,97.40000153,96,97,97,25008686
2023-11-03 00:00:00,95.80000305,96.19999695,95.19999695,95.80000305,95.80000305,42627707
2023-11-06 00:00:00,96.19999695,97.69999695,96.19999695,96.40000153,96.40000153,38328942
2023-11-07 00:00:00,96.40000153,96.80000305,95.5,96.09999847,96.09999847,27742358
2023-11-08 00:00:00,95.69999695,97.40000153,95.69999695,97,97,19441199
2023-11-09 00:00:00,97.40000153,98.40000153,97.30000305,97.90000153,97.90000153,30810327
2023-11-10 00:00:00,97.90000153,98,97,97.19999695,97.19999695,16271698
2023-11-13 00:00:00,97.80000305,98.40000153,97.5,97.69999695,97.69999695,18203271
2023-11-14 00:00:00,98.40000153,101,98.19999695,100,100,46678644
2023-11-15 00:00:00,100.5,101.5,99.80000305,100.5,100.5,51077691
2023-11-16 00:00:00,101,101.5,100.5,101,101,30695116
2023-11-17 00:00:00,101.5,103.5,101,102.5,102.5,46873557
2023-11-20 00:00:00,102.5,102.5,101,101,101,29812892
2023-11-21 00:00:00,102,102.5,101,102.5,102.5,36969965
2023-11-22 00:00:00,103,104,102,102,102,28364466
2023-11-23 00:00:00,102.5,103,101,101.5,101.5,22618693
2023-11-24 00:00:00,102,102.5,101,101.5,101.5,20946560
2023-11-27 00:00:00,102.5,103,101.5,101.5,101.5,23065767
2023-11-28 00:00:00,102,103,102,102.5,102.5,26026370
2023-11-29 00:00:00,102.5,103,101.5,102,102,31821148
2023-11-30 00:00:00,102,102.5,101,101.5,101.5,40730573
2023-12-01 00:00:00,101,101.5,100.5,100.5,100.5,26482926
2023-12-04 00:00:00,101,101.5,100.5,101,101,14718271
2023-12-05 00:00:00,101,102,100.5,101,101,21884962
2023-12-06 00:00:00,101.5,102,101,101,101,15330669
2023-12-07 00:00:00,101,101.5,100.5,101,101,13982251
2023-12-08 00:00:00,101,102,101,101.5,101.5,16070568
2023-12-11 00:00:00,101.5,102,100.5,101,101,24953090
2023-12-12 00:00:00,101,101.5,100.5,101,101,19973869
2023-12-13 00:00:00,100.5,101.5,100.5,101,101,15105897
2023-12-14 00:00:00,101.5,102,101,102,102,32650955
2023-12-15 00:00:00,101.5,102,101,101.5,101.5,40775463
2023-12-18 00:00:00,101.5,102,101,102,102,27764780
2023-12-19 00:00:00,102,102.5,101.5,102.5,102.5,32860763
2023-12-20 00:00:00,102.5,104.5,102.5,104.5,104.5,54287637
2023-12-21 00:00:00,103,103.5,102.5,103.5,103.5,34805864
2023-12-22 00:00:00,103.5,104,103,103.5,103.5,23776427
2023-12-25 00:00:00,103.5,104,103,103.5,103.5,11295535
2023-12-26 00:00:00,104,104,103.5,104,104,9920950
2023-12-27 00:00:00,104,104,103,103.5,103.5,18875621
2023-12-28 00:00:00,103.5,104,103,104,104,23057092
2023-12-29 00:00:00,104,105,103.5,104.5,104.5,25969421
2024-01-02 00:00:00,104.5,105,104,105,105,19921105
2024-01-03 00:00:00,104.5,105,104,104.5,104.5,18957682
2024-01-04 00:00:00,104.5,105,104,104,104,15488559
2024-01-05 00:00:00,104,104.5,104,104,104,13349572
2024-01-08 00:00:00,103.5,104,101.5,101.5,101.5,34642006
2024-01-09 00:00:00,102,102.5,101,101,101,25228043
2024-01-10 00:00:00,101,101.5,100,100,100,22800432
2024-01-11 00:00:00,100,102,99.69999695,100.5,100.5,34453180
2024-01-12 00:00:00,100,101.5,100,100.5,100.5,29241441
2024-01-15 00:00:00,101,101.5,100,100,100,22480585
2024-01-16 00:00:00,99.80000305,100.5,99.30000305,100,100,25892269
2024-01-17 00:00:00,99.80000305,100,98.5,98.59999847,98.59999847,47592663
2024-01-18 00:00:00,99,100,98.90000153,99.90000153,99.90000153,18106511
2024-01-19 00:00:00,100,101,100,100.5,100.5,16417094
2024-01-22 00:00:00,100.5,101,99.90000153,99.90000153,99.90000153,22982811
2024-01-23 00:00:00,100,101.5,99.90000153,101,101,18993909
2024-01-24 00:00:00,101,101.5,100.5,100.5,100.5,13198166
2024-01-25 00:00:00,101,102,100.5,102,102,24228872
2024-01-26 00:00:00,102,103.5,102,102.5,102.5,25615989
2024-01-29 00:00:00,102.5,103,102,102.5,102.5,16386992
2024-01-30 00:00:00,102.5,103,102,102,102,17551728
2024-01-31 00:00:00,102,102.5,101.5,102.5,102.5,18545562
2024-02-01 00:00:00,102.5,103,102,103,103,14397907
2024-02-02 00:00:00,102.5,103,101.5,102,102,16516773
2024-02-05 00:00:00,101.5,102,101,101.5,101.5,17438135
2024-02-15 00:00:00,101.5,102,101,101,101,27953440
2024-02-16 00:00:00,101,101.5,100.5,101.5,101.5,32615887
2024-02-19 00:00:00,101.5,103,101,103,103,24938217
2024-02-20 00:00:00,103.5,104.5,103,103.5,103.5,39410270
2024-02-21 00:00:00,103.5,104,103,103,103,18479374
2024-02-22 00:00:00,103.5,104,103,103.5,103.5,19601423
2024-02-23 00:00:00,103.5,104,103,103,103,17252304
2024-02-26 00:00:00,103,104,103,103.5,103.5,19894677
2024-02-27 00:00:00,104,104.5,103,103.5,103.5,28688693
2024-02-29 00:00:00,103,103.5,103,103,103,38390662
2024-03-01 00:00:00,103,103.5,102,102,102,28121335
2024-03-04 00:00:00,102.5,107,102.5,106.5,106.5,106351735
2024-03-05 00:00:00,107,108.5,106.5,106.5,106.5,75461014
2024-03-06 00:00:00,106,107.5,105.5,106.5,106.5,40347458
2024-03-07 00:00:00,108,108.5,107,107.5,107.5,47505374
2024-03-08 00:00:00,107.5,108.5,104.5,105,105,68582080
2024-03-11 00:00:00,105,111.5,105,109.5,109.5,139480002
2024-03-12 00:00:00,111.5,119,111.5,119,119,347034486
2024-03-13 00:00:00,121.5,123.5,118,120.5,120.5,338406505
2024-03-14 00:00:00,121,121.5,117,121,121,191622484
2024-03-15 00:00:00,128,133,127,132,132,403022484
2024-03-18 00:00:00,133,137,131.5,136,136,239249130
2024-03-19 00:00:00,133,136,130,136,136,171242442
2024-03-20 00:00:00,136.5,142,135.5,138,138,204806549
2024-03-21 00:00:00,141,145,139,142.5,142.5,183957559
2024-03-22 00:00:00,144,148.5,142,145.5,145.5,236266998
2024-03-25 00:00:00,147,147.5,143,145.5,145.5,145490405
2024-03-26 00:00:00,146,147,139,142,142,180436950
2024-03-27 00:00:00,143,150,143,148.5,148.5,146369404
2024-03-28 00:00:00,150.5,157,150,155.5,155.5,196277222
2024-03-29 00:00:00,157,157.5,150.5,151.5,151.5,123239000
2024-04-01 00:00:00,151,154.5,150,150.5,150.5,77891382
2024-04-02 00:00:00,152,159.5,151,159,159,178365027
2024-04-03 00:00:00,156,159,155,159,159,141177640
2024-04-08 00:00:00,159,160,156.5,158,158,108228836
2024-04-09 00:00:00,158.5,161.5,155.5,158,158,101725664
2024-04-10 00:00:00,159,160,154,154.5,154.5,97698334
2024-04-11 00:00:00,153,153.5,147,150,150,173487740
